Hugo,ENSEMBL
AATK,ENSG00000181409
ABCA1,ENSG00000165029
ABL1,ENSG00000097007
ABL2,ENSG00000143322
ACTR2,ENSG00000138071
ACVR1,ENSG00000115170
ACVR1B,ENSG00000135503
ACVR1C,ENSG00000123612
ACVR2A,ENSG00000121989
ACVR2B,ENSG00000114739
ACVRL1,ENSG00000139567
ADAM17,ENSG00000151694
ADAM29,ENSG00000168594
ADAMTS15,ENSG00000166106
ADAMTS18,ENSG00000140873
ADAMTSL3,ENSG00000156218
ADCK1,ENSG00000063761
ADCK2,ENSG00000133597
ADCK5,ENSG00000173137
ADCK5,ENSG00000285451
ADORA1,ENSG00000163485
AGK,ENSG00000262327
AGK,ENSG00000006530
AIFM1,ENSG00000156709
AIFM2,ENSG00000042286
AIMP2,ENSG00000106305
AIP,ENSG00000110711
AKAP4,ENSG00000147081
AKT1,ENSG00000142208
AKT1S1,ENSG00000204673
AKT2,ENSG00000105221
AKT3,ENSG00000275199
AKT3,ENSG00000117020
ALK,ENSG00000171094
ALKBH1,ENSG00000100601
ALKBH2,ENSG00000189046
ALKBH3,ENSG00000166199
ALMS1,ENSG00000116127
ALPK1,ENSG00000073331
ALPK2,ENSG00000198796
ALPK3,ENSG00000136383
AMH,ENSG00000104899
AMHR2,ENSG00000135409
ANAPC10,ENSG00000164162
ANAPC11,ENSG00000141552
ANAPC13,ENSG00000129055
ANAPC2,ENSG00000176248
ANAPC4,ENSG00000053900
ANAPC5,ENSG00000089053
ANAPC7,ENSG00000196510
ANGPTL4,ENSG00000167772
ANK1,ENSG00000029534
ANK2,ENSG00000145362
ANKK1,ENSG00000170209
ANKRD29,ENSG00000154065
APAF1,ENSG00000120868
APC2,ENSG00000115266
APH1A,ENSG00000117362
APPL1,ENSG00000157500
AR,ENSG00000169083
ARAF,ENSG00000078061
ARFRP1,ENSG00000101246
ARID1A,ENSG00000117713
ARIH2,ENSG00000177479
ARL13B,ENSG00000169379
ARL4C,ENSG00000188042
ARL6,ENSG00000113966
ARNT,ENSG00000143437
ARNT2,ENSG00000172379
ARPC5,ENSG00000162704
ARRB1,ENSG00000137486
ARRB2,ENSG00000141480
ASAP1,ENSG00000153317
ASCC1,ENSG00000138303
ASH1L,ENSG00000116539
ASH2L,ENSG00000129691
ASPSCR1,ENSG00000169696
ASXL1,ENSG00000171456
ATF1,ENSG00000123268
ATF2,ENSG00000115966
ATF4,ENSG00000128272
ATM,ENSG00000149311
ATP8B1,ENSG00000081923
ATR,ENSG00000175054
ATRX,ENSG00000085224
AURKA,ENSG00000087586
AURKB,ENSG00000178999
AURKC,ENSG00000105146
AXIN1,ENSG00000103126
AXIN2,ENSG00000168646
AXL,ENSG00000167601
B9D1,ENSG00000108641
BACH1,ENSG00000156273
BAD,ENSG00000002330
BAG2,ENSG00000112208
BAIAP2,ENSG00000175866
BAP1,ENSG00000163930
BARD1,ENSG00000138376
BAX,ENSG00000087088
BBC3,ENSG00000105327
BBS2,ENSG00000125124
BBS4,ENSG00000140463
BBS7,ENSG00000138686
BBS9,ENSG00000122507
BCKDK,ENSG00000103507
BCL2,ENSG00000171791
BCL2L1,ENSG00000171552
BCL2L11,ENSG00000153094
BCL2L14,ENSG00000121380
BCL2L14,ENSG00000281449
BCL6,ENSG00000113916
BCL9,ENSG00000116128
BCR,ENSG00000186716
BDNF,ENSG00000176697
BID,ENSG00000015475
BIRC2,ENSG00000110330
BIRC3,ENSG00000023445
BIRC5,ENSG00000089685
BLK,ENSG00000136573
BLM,ENSG00000197299
BMP1,ENSG00000168487
BMP10,ENSG00000163217
BMP15,ENSG00000130385
BMP2,ENSG00000125845
BMP2K,ENSG00000138756
BMP4,ENSG00000125378
BMP5,ENSG00000112175
BMP6,ENSG00000153162
BMP7,ENSG00000101144
BMP8B,ENSG00000116985
BMPR1A,ENSG00000107779
BMPR1B,ENSG00000138696
BMPR2,ENSG00000204217
BMX,ENSG00000102010
BOC,ENSG00000144857
BRAF,ENSG00000157764
BRCA1,ENSG00000012048
BRD2,ENSG00000234704
BRD2,ENSG00000204256
BRD2,ENSG00000234507
BRD2,ENSG00000235307
BRD2,ENSG00000215077
BRD2,ENSG00000236227
BRD2,ENSG00000230678
BRD3,ENSG00000169925
BRD4,ENSG00000141867
BRDT,ENSG00000137948
BRIP1,ENSG00000136492
BRSK1,ENSG00000160469
BRSK2,ENSG00000174672
BTC,ENSG00000174808
BTK,ENSG00000010671
BTRC,ENSG00000166167
BUB1,ENSG00000169679
BUB3,ENSG00000154473
CAB39,ENSG00000135932
CAB39L,ENSG00000102547
CACYBP,ENSG00000116161
CAD,ENSG00000084774
CALM1,ENSG00000198668
CALM2,ENSG00000143933
CALM3,ENSG00000160014
CALML3,ENSG00000178363
CALML5,ENSG00000178372
CALML6,ENSG00000169885
CAMK1,ENSG00000134072
CAMK1D,ENSG00000183049
CAMK1G,ENSG00000008118
CAMK2A,ENSG00000070808
CAMK2B,ENSG00000058404
CAMK2D,ENSG00000145349
CAMK2G,ENSG00000148660
CAMK4,ENSG00000152495
CAMKK1,ENSG00000004660
CAMKK2,ENSG00000110931
CAMKV,ENSG00000164076
CAMP,ENSG00000164047
CAPG,ENSG00000042493
CAPN1,ENSG00000014216
CAPN2,ENSG00000162909
CARD9,ENSG00000187796
CARM1,ENSG00000142453
CARS,ENSG00000278191
CARS,ENSG00000110619
CASK,ENSG00000147044
CASP1,ENSG00000137752
CASP10,ENSG00000003400
CASP2,ENSG00000106144
CASP3,ENSG00000164305
CASP4,ENSG00000196954
CASP5,ENSG00000137757
CASP6,ENSG00000138794
CASP7,ENSG00000165806
CASP8,ENSG00000064012
CASP9,ENSG00000132906
CBL,ENSG00000110395
CBLB,ENSG00000114423
CBLC,ENSG00000142273
CCBE1,ENSG00000183287
CCDC6,ENSG00000108091
CCNA1,ENSG00000133101
CCNA2,ENSG00000145386
CCNB1,ENSG00000134057
CCNB3,ENSG00000147082
CCND1,ENSG00000110092
CCND2,ENSG00000118971
CCND3,ENSG00000112576
CCNE1,ENSG00000105173
CCNE2,ENSG00000175305
CCNG1,ENSG00000113328
CCNG2,ENSG00000138764
CCNH,ENSG00000134480
CCR3,ENSG00000183625
CCR7,ENSG00000126353
CD109,ENSG00000156535
CD14,ENSG00000170458
CD248,ENSG00000174807
CD40,ENSG00000101017
CD47,ENSG00000196776
CD82,ENSG00000085117
CDC14A,ENSG00000079335
CDC14B,ENSG00000081377
CDC16,ENSG00000130177
CDC20,ENSG00000117399
CDC23,ENSG00000094880
CDC25A,ENSG00000164045
CDC25B,ENSG00000101224
CDC25C,ENSG00000158402
CDC27,ENSG00000004897
CDC42,ENSG00000070831
CDC42BPA,ENSG00000143776
CDC42BPB,ENSG00000198752
CDC42BPG,ENSG00000171219
CDC6,ENSG00000094804
CDC7,ENSG00000097046
CDC73,ENSG00000134371
CDCA8,ENSG00000134690
CDH1,ENSG00000039068
CDH20,ENSG00000101542
CDH3,ENSG00000062038
CDK1,ENSG00000170312
CDK10,ENSG00000185324
CDK11A,ENSG00000008128
CDK17,ENSG00000059758
CDK2,ENSG00000123374
CDK4,ENSG00000135446
CDK5,ENSG00000164885
CDK6,ENSG00000105810
CDK7,ENSG00000277273
CDK7,ENSG00000134058
CDK8,ENSG00000132964
CDK9,ENSG00000136807
CDKL1,ENSG00000100490
CDKL2,ENSG00000138769
CDKL3,ENSG00000006837
CDKL4,ENSG00000205111
CDKL5,ENSG00000008086
CDKN1B,ENSG00000111276
CDKN2A,ENSG00000147889
CDKN2B,ENSG00000147883
CDKN2C,ENSG00000123080
CDKN2D,ENSG00000129355
CDON,ENSG00000064309
CDT1,ENSG00000167513
CENPA,ENSG00000115163
CENPE,ENSG00000138778
CEP290,ENSG00000198707
CER1,ENSG00000147869
CERK,ENSG00000100422
CFL2,ENSG00000165410
CFLAR,ENSG00000003402
CHD3,ENSG00000170004
CHD5,ENSG00000116254
CHD8,ENSG00000100888
CHEK1,ENSG00000149554
CHEK2,ENSG00000183765
CHIC2,ENSG00000109220
CHL1,ENSG00000134121
CHRM1,ENSG00000168539
CHUK,ENSG00000213341
CIB2,ENSG00000136425
CIC,ENSG00000079432
CIR1,ENSG00000138433
CIT,ENSG00000122966
CITED1,ENSG00000125931
CLDN1,ENSG00000163347
CLIP1,ENSG00000130779
CLK1,ENSG00000013441
CLK2,ENSG00000261893
CLK2,ENSG00000176444
CLK3,ENSG00000179335
CLK4,ENSG00000113240
CLSPN,ENSG00000092853
CLSTN1,ENSG00000171603
CLTC,ENSG00000141367
CLUAP1,ENSG00000103351
CNKSR1,ENSG00000142675
CNKSR2,ENSG00000149970
CNTN4,ENSG00000144619
CNTN6,ENSG00000134115
COL14A1,ENSG00000187955
COL1A1,ENSG00000108821
COL4A1,ENSG00000187498
COL4A2,ENSG00000134871
COL4A4,ENSG00000081052
COL4A6,ENSG00000197565
COMP,ENSG00000105664
COX7A2L,ENSG00000115944
CREB1,ENSG00000118260
CREB3L2,ENSG00000182158
CREBBP,ENSG00000005339
CRK,ENSG00000167193
CRKL,ENSG00000099942
CSF1,ENSG00000184371
CSF1R,ENSG00000182578
CSF2RB,ENSG00000100368
CSF3R,ENSG00000119535
CSK,ENSG00000103653
CSMD1,ENSG00000183117
CSMD3,ENSG00000164796
CSNK1A1,ENSG00000113712
CSNK1A1L,ENSG00000180138
CSNK1D,ENSG00000141551
CSNK1E,ENSG00000213923
CSNK1G1,ENSG00000169118
CSNK1G2,ENSG00000133275
CSNK1G3,ENSG00000151292
CSNK2A1,ENSG00000101266
CSNK2A2,ENSG00000070770
CTBP1,ENSG00000159692
CTBP2,ENSG00000175029
CTNNA1,ENSG00000044115
CTNNA2,ENSG00000066032
CTNNA3,ENSG00000183230
CTNNB1,ENSG00000168036
CTNNBIP1,ENSG00000178585
CUBN,ENSG00000107611
CUL1,ENSG00000055130
CUL2,ENSG00000108094
CXCL12,ENSG00000107562
CXCR4,ENSG00000121966
CXXC4,ENSG00000168772
CYLD,ENSG00000083799
CYS1,ENSG00000205795
DAAM1,ENSG00000100592
DAAM2,ENSG00000146122
DAPK1,ENSG00000196730
DAPK2,ENSG00000035664
DAPK3,ENSG00000167657
DAXX,ENSG00000206206
DAXX,ENSG00000227046
DAXX,ENSG00000204209
DAXX,ENSG00000231617
DAXX,ENSG00000206279
DBF4,ENSG00000006634
DCC,ENSG00000187323
DCLK1,ENSG00000133083
DCLK2,ENSG00000170390
DCLK3,ENSG00000163673
DCN,ENSG00000011465
DDB2,ENSG00000134574
DDIT3,ENSG00000175197
DDIT4,ENSG00000168209
DDR1,ENSG00000137332
DDR1,ENSG00000215522
DDR1,ENSG00000234078
DDR1,ENSG00000204580
DDR1,ENSG00000230456
DDR1,ENSG00000223680
DDR1,ENSG00000229767
DDR2,ENSG00000162733
DDX23,ENSG00000174243
DFFA,ENSG00000160049
DFFB,ENSG00000169598
DGKA,ENSG00000065357
DGKB,ENSG00000136267
DGKD,ENSG00000077044
DGKD,ENSG00000280873
DGKE,ENSG00000153933
DGKG,ENSG00000058866
DGKH,ENSG00000102780
DGKI,ENSG00000157680
DGKQ,ENSG00000145214
DGKZ,ENSG00000149091
DHH,ENSG00000139549
DIP2C,ENSG00000151240
DKK1,ENSG00000107984
DKK2,ENSG00000155011
DKK3,ENSG00000050165
DKK4,ENSG00000104371
DLK1,ENSG00000185559
DLL1,ENSG00000198719
DLL1,ENSG00000275555
DLL3,ENSG00000090932
DLL4,ENSG00000128917
DMAP1,ENSG00000178028
DMPK,ENSG00000104936
DNAH11,ENSG00000105877
DNAH5,ENSG00000039139
DNAH9,ENSG00000007174
DNAI1,ENSG00000122735
DOT1L,ENSG00000104885
DPP3,ENSG00000254986
DPP4,ENSG00000197635
DSCAML1,ENSG00000177103
DSTYK,ENSG00000133059
DTX1,ENSG00000135144
DTX2,ENSG00000282379
DTX2,ENSG00000091073
DTX3,ENSG00000178498
DTX3L,ENSG00000163840
DTX4,ENSG00000110042
DUSP1,ENSG00000120129
DUSP10,ENSG00000143507
DUSP14,ENSG00000275932
DUSP14,ENSG00000276023
DUSP16,ENSG00000111266
DUSP16,ENSG00000280962
DUSP2,ENSG00000158050
DUSP3,ENSG00000108861
DUSP4,ENSG00000120875
DUSP5,ENSG00000138166
DUSP6,ENSG00000139318
DUSP7,ENSG00000164086
DUSP8,ENSG00000184545
DUSP8,ENSG00000278165
DUSP8,ENSG00000273793
DUSP9,ENSG00000130829
DVL1,ENSG00000107404
DVL2,ENSG00000004975
DYRK1A,ENSG00000157540
DYRK1B,ENSG00000105204
DYRK1B,ENSG00000281320
DYRK2,ENSG00000127334
DYRK3,ENSG00000143479
E2F1,ENSG00000101412
E2F2,ENSG00000007968
E2F2,ENSG00000282899
E2F3,ENSG00000112242
E2F4,ENSG00000205250
E2F5,ENSG00000133740
E2F6,ENSG00000169016
E2F7,ENSG00000165891
E2F8,ENSG00000129173
E4F1,ENSG00000167967
ECSIT,ENSG00000130159
EDA,ENSG00000158813
EEF2K,ENSG00000103319
EEF2K,ENSG00000284161
EFNB1,ENSG00000090776
EFNB2,ENSG00000125266
EGF,ENSG00000138798
EGFL6,ENSG00000198759
EGFR,ENSG00000146648
EGLN1,ENSG00000135766
EGLN3,ENSG00000129521
EGR1,ENSG00000120738
EHMT1,ENSG00000181090
EHMT2,ENSG00000204371
EHMT2,ENSG00000227333
EHMT2,ENSG00000238134
EHMT2,ENSG00000224143
EHMT2,ENSG00000206376
EHMT2,ENSG00000232045
EHMT2,ENSG00000236759
EI24,ENSG00000149547
EIF2AK1,ENSG00000086232
EIF2AK2,ENSG00000055332
EIF2AK3,ENSG00000172071
EIF2AK4,ENSG00000128829
EIF2B5,ENSG00000145191
EIF3J,ENSG00000104131
EIF4A2,ENSG00000156976
EIF4B,ENSG00000063046
EIF4E,ENSG00000151247
EIF4E1B,ENSG00000175766
EIF4E2,ENSG00000135930
EIF4EBP1,ENSG00000187840
ELF3,ENSG00000163435
ELF4,ENSG00000102034
ELK1,ENSG00000126767
ELK3,ENSG00000111145
ELK4,ENSG00000158711
EML4,ENSG00000143924
ENDOD1,ENSG00000149218
ENDOG,ENSG00000167136
EP300,ENSG00000100393
EPAS1,ENSG00000116016
EPCAM,ENSG00000119888
EPHA1,ENSG00000146904
EPHA1,ENSG00000284816
EPHA10,ENSG00000183317
EPHA2,ENSG00000142627
EPHA3,ENSG00000044524
EPHA4,ENSG00000116106
EPHA5,ENSG00000145242
EPHA6,ENSG00000080224
EPHA7,ENSG00000135333
EPHA8,ENSG00000070886
EPHB1,ENSG00000154928
EPHB2,ENSG00000133216
EPHB4,ENSG00000196411
EPHB6,ENSG00000275482
EPHB6,ENSG00000106123
EPS8,ENSG00000151491
ERBB2,ENSG00000141736
ERBB3,ENSG00000065361
ERBB4,ENSG00000178568
ERC2,ENSG00000187672
ERCC1,ENSG00000012061
ERCC2,ENSG00000104884
ERCC3,ENSG00000163161
ERCC4,ENSG00000175595
ERCC5,ENSG00000134899
ERCC6,ENSG00000225830
ERCC6L,ENSG00000186871
EREG,ENSG00000124882
ERGIC3,ENSG00000125991
ERN1,ENSG00000178607
ERN2,ENSG00000134398
ESCO2,ENSG00000171320
ESPL1,ENSG00000135476
ESR1,ENSG00000091831
ETFA,ENSG00000140374
ETS1,ENSG00000134954
EVL,ENSG00000196405
EWSR1,ENSG00000182944
EXO1,ENSG00000174371
EXOC4,ENSG00000131558
EXOC7,ENSG00000182473
EXOG,ENSG00000157036
EXT1,ENSG00000182197
EXT2,ENSG00000151348
EYA4,ENSG00000112319
EZH1,ENSG00000108799
EZH2,ENSG00000106462
FADD,ENSG00000168040
FAM20C,ENSG00000281429
FAM20C,ENSG00000282147
FAM20C,ENSG00000177706
FANCA,ENSG00000187741
FANCC,ENSG00000158169
FANCD2,ENSG00000144554
FANCE,ENSG00000112039
FANCF,ENSG00000183161
FANCG,ENSG00000221829
FARP1,ENSG00000152767
FARP2,ENSG00000006607
FAS,ENSG00000026103
FASLG,ENSG00000117560
FASN,ENSG00000169710
FASTK,ENSG00000164896
FAT3,ENSG00000165323
FAT3,ENSG00000282908
FBXL14,ENSG00000171823
FBXW11,ENSG00000072803
FBXW7,ENSG00000109670
FER,ENSG00000151422
FES,ENSG00000182511
FGF1,ENSG00000113578
FGF10,ENSG00000070193
FGF11,ENSG00000161958
FGF11,ENSG00000283903
FGF12,ENSG00000114279
FGF13,ENSG00000129682
FGF14,ENSG00000102466
FGF16,ENSG00000196468
FGF17,ENSG00000158815
FGF18,ENSG00000156427
FGF19,ENSG00000162344
FGF2,ENSG00000138685
FGF20,ENSG00000078579
FGF21,ENSG00000105550
FGF22,ENSG00000070388
FGF23,ENSG00000118972
FGF3,ENSG00000186895
FGF4,ENSG00000075388
FGF5,ENSG00000138675
FGF6,ENSG00000111241
FGF7,ENSG00000140285
FGF8,ENSG00000107831
FGF9,ENSG00000102678
FGFR1,ENSG00000077782
FGFR2,ENSG00000066468
FGFR3,ENSG00000068078
FGFR4,ENSG00000160867
FGR,ENSG00000000938
FH,ENSG00000091483
FKBP1A,ENSG00000088832
FLNA,ENSG00000196924
FLNB,ENSG00000136068
FLNC,ENSG00000128591
FLOT1,ENSG00000230143
FLOT1,ENSG00000206480
FLOT1,ENSG00000232280
FLOT1,ENSG00000206379
FLOT1,ENSG00000137312
FLOT1,ENSG00000236271
FLOT1,ENSG00000224740
FLOT1,ENSG00000223654
FLOT2,ENSG00000132589
FLT1,ENSG00000102755
FLT3,ENSG00000122025
FLT3LG,ENSG00000090554
FLT4,ENSG00000037280
FN1,ENSG00000115414
FOS,ENSG00000170345
FOSL1,ENSG00000175592
FOXC1,ENSG00000054598
FOXC2,ENSG00000176692
FOXL2,ENSG00000183770
FOXM1,ENSG00000111206
FOXO1,ENSG00000150907
FOXO3,ENSG00000118689
FOXO4,ENSG00000184481
FRAT2,ENSG00000181274
FRK,ENSG00000111816
FRZB,ENSG00000162998
FST,ENSG00000134363
FTO,ENSG00000140718
FYN,ENSG00000010810
FZD1,ENSG00000157240
FZD10,ENSG00000111432
FZD2,ENSG00000180340
FZD3,ENSG00000104290
FZD4,ENSG00000174804
FZD5,ENSG00000163251
FZD6,ENSG00000164930
FZD7,ENSG00000155760
FZD8,ENSG00000177283
FZD9,ENSG00000188763
FZR1,ENSG00000105325
GAB1,ENSG00000109458
GABRA6,ENSG00000145863
GADD45A,ENSG00000116717
GADD45B,ENSG00000099860
GADD45G,ENSG00000130222
GAK,ENSG00000178950
GALNS,ENSG00000141012
GAS1,ENSG00000180447
GATA1,ENSG00000102145
GATA2,ENSG00000179348
GATA3,ENSG00000107485
GCK,ENSG00000106633
GDF5,ENSG00000125965
GDF6,ENSG00000156466
GDF7,ENSG00000143869
GDNF,ENSG00000168621
GLI1,ENSG00000111087
GLI2,ENSG00000074047
GLI3,ENSG00000106571
GMNN,ENSG00000112312
GNA12,ENSG00000146535
GNAQ,ENSG00000156052
GNAS,ENSG00000087460
GNG12,ENSG00000172380
GRAP2,ENSG00000100351
GRB10,ENSG00000106070
GRB2,ENSG00000177885
GRK1,ENSG00000185974
GRK1,ENSG00000281988
GRK4,ENSG00000125388
GRK5,ENSG00000198873
GRK6,ENSG00000198055
GRK7,ENSG00000114124
GSK3A,ENSG00000105723
GSK3B,ENSG00000082701
GSTP1,ENSG00000084207
GTSE1,ENSG00000075218
GUCY1A2,ENSG00000152402
GUCY2C,ENSG00000070019
GUCY2D,ENSG00000132518
GUCY2F,ENSG00000101890
GYS1,ENSG00000104812
GYS2,ENSG00000111713
H2AFX,ENSG00000188486
H2AFY2,ENSG00000099284
HABP4,ENSG00000130956
HAPLN1,ENSG00000145681
HAT1,ENSG00000128708
HBEGF,ENSG00000113070
HCK,ENSG00000101336
HDAC1,ENSG00000116478
HDAC11,ENSG00000163517
HDAC2,ENSG00000196591
HDAC3,ENSG00000171720
HDAC4,ENSG00000068024
HDAC5,ENSG00000108840
HDAC6,ENSG00000094631
HDAC7,ENSG00000061273
HDAC8,ENSG00000147099
HDAC9,ENSG00000048052
HES1,ENSG00000114315
HES5,ENSG00000273529
HES5,ENSG00000197921
HGF,ENSG00000019991
HHIP,ENSG00000164161
HIF1AN,ENSG00000166135
HIF3A,ENSG00000124440
HIPK1,ENSG00000163349
HIPK2,ENSG00000064393
HIPK3,ENSG00000110422
HIPK4,ENSG00000160396
HIST1H1B,ENSG00000184357
HK1,ENSG00000156515
HK2,ENSG00000159399
HK3,ENSG00000160883
HNF1A,ENSG00000135100
HNF1B,ENSG00000276194
HNF1B,ENSG00000275410
HNRNPH2,ENSG00000126945
HRAS,ENSG00000276536
HRAS,ENSG00000174775
HSF4,ENSG00000102878
HSP90AA1,ENSG00000080824
HSP90AB1,ENSG00000096384
HSP90B1,ENSG00000166598
HSPA1A,ENSG00000204389
HSPA1A,ENSG00000234475
HSPA1A,ENSG00000237724
HSPA1A,ENSG00000235941
HSPA1A,ENSG00000215328
HSPA1B,ENSG00000204388
HSPA1B,ENSG00000231555
HSPA1B,ENSG00000224501
HSPA1B,ENSG00000232804
HSPA1B,ENSG00000212866
HSPA1L,ENSG00000204390
HSPA1L,ENSG00000234258
HSPA1L,ENSG00000236251
HSPA1L,ENSG00000226704
HSPA1L,ENSG00000206383
HSPA2,ENSG00000126803
HSPA6,ENSG00000173110
HSPA8,ENSG00000109971
HSPB8,ENSG00000152137
HUNK,ENSG00000142149
ICAM1,ENSG00000090339
ICAM2,ENSG00000108622
ICAM3,ENSG00000076662
ICAM4,ENSG00000105371
ICK,ENSG00000112144
ID1,ENSG00000125968
ID2,ENSG00000115738
ID3,ENSG00000117318
ID3,ENSG00000283060
ID4,ENSG00000172201
IDH1,ENSG00000138413
IDH2,ENSG00000182054
IDUA,ENSG00000127415
IFNG,ENSG00000111537
IFT172,ENSG00000138002
IFT57,ENSG00000114446
IFT81,ENSG00000122970
IFT88,ENSG00000032742
IGF1,ENSG00000017427
IGF1R,ENSG00000140443
IGF2,ENSG00000167244
IGF2R,ENSG00000197081
IGFBP1,ENSG00000146678
IGFBP2,ENSG00000115457
IGFBP3,ENSG00000146674
IGFBP4,ENSG00000141753
IGFBP5,ENSG00000115461
IHH,ENSG00000163501
IKBKB,ENSG00000104365
IKBKE,ENSG00000263528
IKBKG,ENSG00000269335
IL12RB1,ENSG00000096996
IL18BP,ENSG00000137496
IL1R1,ENSG00000115594
IL1R2,ENSG00000115590
IL1RAP,ENSG00000196083
IL6,ENSG00000136244
IL6ST,ENSG00000134352
ILK,ENSG00000166333
INCENP,ENSG00000149503
INHBB,ENSG00000163083
INHBC,ENSG00000175189
INHBE,ENSG00000139269
INPP4A,ENSG00000040933
INPP5D,ENSG00000168918
INPP5D,ENSG00000281614
INPP5K,ENSG00000132376
INPPL1,ENSG00000165458
INSR,ENSG00000171105
INSRR,ENSG00000027644
INVS,ENSG00000119509
IP6K1,ENSG00000176095
IP6K2,ENSG00000068745
IP6K3,ENSG00000161896
IPMK,ENSG00000151151
IPPK,ENSG00000127080
IQCB1,ENSG00000173226
IQGAP2,ENSG00000145703
IRAK1,ENSG00000184216
IRAK2,ENSG00000134070
IRAK3,ENSG00000090376
IRAK4,ENSG00000198001
IRF3,ENSG00000126456
IRS1,ENSG00000169047
IRS2,ENSG00000185950
IRS4,ENSG00000133124
ITCH,ENSG00000078747
ITGA2,ENSG00000164171
ITGA2B,ENSG00000005961
ITGA3,ENSG00000005884
ITGA6,ENSG00000091409
ITGAE,ENSG00000083457
ITGAV,ENSG00000138448
ITGB1,ENSG00000150093
ITK,ENSG00000113263
ITPK1,ENSG00000100605
ITPK1,ENSG00000274958
ITPKA,ENSG00000137825
ITPKB,ENSG00000143772
ITPKC,ENSG00000086544
ITPR2,ENSG00000123104
JAG1,ENSG00000101384
JAG2,ENSG00000184916
JAK1,ENSG00000162434
JAK2,ENSG00000096968
JAK3,ENSG00000105639
JARID2,ENSG00000008083
JMJD1C,ENSG00000171988
JMJD4,ENSG00000081692
JMJD6,ENSG00000070495
JMJD8,ENSG00000161999
JUN,ENSG00000177606
JUNB,ENSG00000171223
JUND,ENSG00000130522
JUP,ENSG00000173801
KALRN,ENSG00000160145
KAT2A,ENSG00000108773
KAT2B,ENSG00000114166
KAT5,ENSG00000172977
KCNE1,ENSG00000180509
KDM1A,ENSG00000004487
KDM1B,ENSG00000165097
KDM2A,ENSG00000173120
KDM2B,ENSG00000089094
KDM3A,ENSG00000115548
KDM3B,ENSG00000120733
KDM4A,ENSG00000066135
KDM4B,ENSG00000127663
KDM4C,ENSG00000107077
KDM4D,ENSG00000186280
KDM5A,ENSG00000073614
KDM5B,ENSG00000117139
KDM5C,ENSG00000126012
KDM5D,ENSG00000012817
KDM6A,ENSG00000147050
KDM6B,ENSG00000132510
KDR,ENSG00000128052
KIF11,ENSG00000138160
KIF15,ENSG00000163808
KIF15,ENSG00000280610
KIF1B,ENSG00000054523
KIF2C,ENSG00000142945
KIF3A,ENSG00000131437
KIF3B,ENSG00000101350
KIFAP3,ENSG00000075945
KISS1,ENSG00000170498
KIT,ENSG00000157404
KITLG,ENSG00000049130
KLC3,ENSG00000104892
KLHL4,ENSG00000102271
KLK3,ENSG00000142515
KNTC1,ENSG00000184445
KRAS,ENSG00000133703
KREMEN1,ENSG00000183762
KREMEN2,ENSG00000131650
KRT20,ENSG00000263057
KRT20,ENSG00000171431
KRT71,ENSG00000139648
KRT73,ENSG00000186049
KRTCAP2,ENSG00000163463
KRTCAP3,ENSG00000157992
KSR2,ENSG00000171435
LAMA1,ENSG00000101680
LAMA3,ENSG00000053747
LAMA4,ENSG00000112769
LAMA5,ENSG00000130702
LAMB1,ENSG00000091136
LAMB2,ENSG00000172037
LAMB3,ENSG00000196878
LAMB4,ENSG00000091128
LAMC1,ENSG00000135862
LAMC2,ENSG00000058085
LAMC3,ENSG00000050555
LATS1,ENSG00000131023
LATS2,ENSG00000150457
LCK,ENSG00000182866
LEF1,ENSG00000138795
LEFTY1,ENSG00000243709
LEFTY2,ENSG00000143768
LFNG,ENSG00000106003
LGR5,ENSG00000139292
LGR6,ENSG00000133067
LIMK1,ENSG00000106683
LIMK2,ENSG00000182541
LMTK2,ENSG00000164715
LMTK3,ENSG00000142235
LNX1,ENSG00000072201
LRP2,ENSG00000081479
LRP2BP,ENSG00000109771
LRP5,ENSG00000162337
LRP6,ENSG00000070018
LRP6,ENSG00000281324
LRRC6,ENSG00000129295
LRRK1,ENSG00000154237
LRRK2,ENSG00000188906
LTBP1,ENSG00000049323
LTK,ENSG00000062524
LYN,ENSG00000254087
LZTS2,ENSG00000107816
MACC1,ENSG00000183742
MAD1L1,ENSG00000002822
MAD2L1,ENSG00000164109
MAD2L1BP,ENSG00000124688
MAD2L2,ENSG00000116670
MAK,ENSG00000111837
MAML1,ENSG00000161021
MAML1,ENSG00000283780
MAML2,ENSG00000184384
MAML3,ENSG00000196782
MAP2,ENSG00000078018
MAP2K1,ENSG00000169032
MAP2K2,ENSG00000126934
MAP2K3,ENSG00000034152
MAP2K4,ENSG00000065559
MAP2K5,ENSG00000137764
MAP2K6,ENSG00000108984
MAP2K7,ENSG00000076984
MAP3K1,ENSG00000095015
MAP3K10,ENSG00000130758
MAP3K11,ENSG00000173327
MAP3K12,ENSG00000139625
MAP3K13,ENSG00000073803
MAP3K14,ENSG00000006062
MAP3K15,ENSG00000180815
MAP3K2,ENSG00000169967
MAP3K3,ENSG00000198909
MAP3K4,ENSG00000085511
MAP3K5,ENSG00000197442
MAP3K6,ENSG00000142733
MAP3K7,ENSG00000135341
MAP3K8,ENSG00000107968
MAP3K9,ENSG00000006432
MAP4K1,ENSG00000104814
MAP4K1,ENSG00000282928
MAP4K2,ENSG00000168067
MAP4K3,ENSG00000011566
MAP4K4,ENSG00000071054
MAP4K5,ENSG00000012983
MAPK1,ENSG00000100030
MAPK10,ENSG00000109339
MAPK11,ENSG00000185386
MAPK12,ENSG00000188130
MAPK13,ENSG00000156711
MAPK14,ENSG00000112062
MAPK15,ENSG00000181085
MAPK15,ENSG00000274205
MAPK3,ENSG00000102882
MAPK4,ENSG00000141639
MAPK7,ENSG00000166484
MAPK8,ENSG00000107643
MAPK8IP1,ENSG00000121653
MAPK8IP2,ENSG00000008735
MAPK8IP3,ENSG00000138834
MAPK9,ENSG00000050748
MAPKAPK2,ENSG00000162889
MAPKAPK3,ENSG00000114738
MAPKAPK5,ENSG00000089022
MAPRE1,ENSG00000101367
MAPRE3,ENSG00000084764
MAPT,ENSG00000277956
MAPT,ENSG00000276155
MAPT,ENSG00000186868
MARK1,ENSG00000116141
MARK2,ENSG00000072518
MARK3,ENSG00000075413
MARK4,ENSG00000007047
MAST1,ENSG00000105613
MAST2,ENSG00000086015
MAST3,ENSG00000099308
MAST4,ENSG00000069020
MASTL,ENSG00000120539
MATK,ENSG00000007264
MAX,ENSG00000125952
MBIP,ENSG00000151332
MCC,ENSG00000171444
MCF2L2,ENSG00000053524
MCL1,ENSG00000143384
MCM2,ENSG00000073111
MCM3,ENSG00000112118
MCM4,ENSG00000104738
MCM5,ENSG00000100297
MCM6,ENSG00000076003
MCM7,ENSG00000166508
MCM8,ENSG00000125885
MDM2,ENSG00000135679
MDM4,ENSG00000198625
MECOM,ENSG00000085276
MED12,ENSG00000184634
MED12L,ENSG00000144893
MEF2C,ENSG00000081189
MELK,ENSG00000165304
MEN1,ENSG00000133895
MERTK,ENSG00000153208
MET,ENSG00000105976
MGMT,ENSG00000170430
MGST1,ENSG00000008394
MINK1,ENSG00000141503
MITF,ENSG00000187098
MKKS,ENSG00000125863
MKNK1,ENSG00000079277
MKNK2,ENSG00000099875
MKRN2,ENSG00000075975
MKS1,ENSG00000011143
MLH1,ENSG00000076242
MLH3,ENSG00000119684
MLKL,ENSG00000168404
MLST8,ENSG00000167965
MMP1,ENSG00000196611
MMP2,ENSG00000087245
MMP7,ENSG00000137673
MMP9,ENSG00000100985
MOS,ENSG00000172680
MPL,ENSG00000117400
MRAS,ENSG00000158186
MSH2,ENSG00000095002
MSH3,ENSG00000113318
MSH6,ENSG00000116062
MSN,ENSG00000147065
MST1,ENSG00000173531
MST1R,ENSG00000164078
MTOR,ENSG00000198793
MUC1,ENSG00000185499
MUSK,ENSG00000030304
MUTYH,ENSG00000132781
MVP,ENSG00000013364
MXD1,ENSG00000059728
MXI1,ENSG00000119950
MYC,ENSG00000136997
MYCBP2,ENSG00000005810
MYCN,ENSG00000134323
MYD88,ENSG00000172936
MYLK,ENSG00000065534
MYLK2,ENSG00000101306
MYLK4,ENSG00000145949
MYO18B,ENSG00000133454
MYO3A,ENSG00000095777
MYO3B,ENSG00000071909
MYT1,ENSG00000276876
MYT1,ENSG00000196132
NBN,ENSG00000104320
NCK2,ENSG00000071051
NCOR1,ENSG00000141027
NCOR2,ENSG00000196498
NCSTN,ENSG00000162736
NDC80,ENSG00000080986
NDP,ENSG00000124479
NDUFV3,ENSG00000160194
NEDD9,ENSG00000111859
NEK1,ENSG00000137601
NEK10,ENSG00000163491
NEK11,ENSG00000114670
NEK2,ENSG00000117650
NEK3,ENSG00000136098
NEK4,ENSG00000114904
NEK5,ENSG00000197168
NEK6,ENSG00000119408
NEK7,ENSG00000151414
NEK9,ENSG00000119638
NF1,ENSG00000196712
NF2,ENSG00000186575
NFAT5,ENSG00000102908
NFATC1,ENSG00000131196
NFATC2,ENSG00000101096
NFATC3,ENSG00000072736
NFATC4,ENSG00000100968
NFATC4,ENSG00000285485
NFKB1,ENSG00000109320
NFKB2,ENSG00000077150
NFKBIA,ENSG00000100906
NFKBIE,ENSG00000146232
NGF,ENSG00000134259
NKD1,ENSG00000140807
NKD2,ENSG00000145506
NKD2,ENSG00000276920
NLK,ENSG00000087095
NODAL,ENSG00000156574
NOG,ENSG00000183691
NOS2,ENSG00000007171
NOS3,ENSG00000164867
NOSIP,ENSG00000142546
NOSTRIN,ENSG00000163072
NOSTRIN,ENSG00000275326
NOTCH1,ENSG00000148400
NOTCH2,ENSG00000134250
NOTCH3,ENSG00000074181
NOTCH4,ENSG00000232339
NOTCH4,ENSG00000234876
NOTCH4,ENSG00000238196
NOTCH4,ENSG00000235396
NOTCH4,ENSG00000223355
NOTCH4,ENSG00000204301
NOTCH4,ENSG00000206312
NPHP1,ENSG00000144061
NPHP3,ENSG00000113971
NPHP4,ENSG00000131697
NPM1,ENSG00000181163
NPR1,ENSG00000169418
NPR2,ENSG00000159899
NR4A1,ENSG00000123358
NRAS,ENSG00000213281
NRBP1,ENSG00000115216
NRBP2,ENSG00000185189
NRG1,ENSG00000157168
NRG2,ENSG00000158458
NRG3,ENSG00000185737
NRG4,ENSG00000169752
NRK,ENSG00000123572
NSD1,ENSG00000165671
NTF3,ENSG00000185652
NTHL1,ENSG00000065057
NTRK1,ENSG00000198400
NTRK2,ENSG00000148053
NTRK3,ENSG00000140538
NUAK1,ENSG00000074590
NUAK2,ENSG00000163545
NUF2,ENSG00000143228
NUMA1,ENSG00000137497
NUMB,ENSG00000133961
NUMBL,ENSG00000105245
NUP98,ENSG00000110713
OBSCN,ENSG00000154358
ODC1,ENSG00000115758
OFD1,ENSG00000046651
OGG1,ENSG00000114026
OPRM1,ENSG00000112038
OSR1,ENSG00000143867
OXSR1,ENSG00000172939
P2RX7,ENSG00000089041
PAK1,ENSG00000149269
PAK2,ENSG00000180370
PAK3,ENSG00000077264
PAK4,ENSG00000130669
PAK6,ENSG00000137843
PALB2,ENSG00000083093
PARD3,ENSG00000148498
PARD6A,ENSG00000102981
PARK7,ENSG00000116288
PARP1,ENSG00000143799
PARP10,ENSG00000178685
PARP11,ENSG00000111224
PARP12,ENSG00000059378
PARP14,ENSG00000173193
PARP15,ENSG00000173200
PARP16,ENSG00000138617
PARP3,ENSG00000041880
PARP8,ENSG00000151883
PARP9,ENSG00000138496
PASK,ENSG00000115687
PAX8,ENSG00000125618
PBK,ENSG00000168078
PBRM1,ENSG00000163939
PCBD1,ENSG00000166228
PCK1,ENSG00000124253
PCK2,ENSG00000100889
PCK2,ENSG00000285241
PCNA,ENSG00000132646
PDE3A,ENSG00000172572
PDE3B,ENSG00000152270
PDE4D,ENSG00000113448
PDGFA,ENSG00000197461
PDGFB,ENSG00000100311
PDGFRA,ENSG00000134853
PDGFRB,ENSG00000113721
PDGFRL,ENSG00000104213
PDIK1L,ENSG00000175087
PDK1,ENSG00000152256
PDK2,ENSG00000005882
PDK3,ENSG00000067992
PDK4,ENSG00000004799
PDPK1,ENSG00000140992
PERP,ENSG00000112378
PGF,ENSG00000119630
PHF2,ENSG00000197724
PHF8,ENSG00000172943
PHIP,ENSG00000146247
PHKA1,ENSG00000067177
PHKA2,ENSG00000044446
PHKB,ENSG00000102893
PHKG1,ENSG00000164776
PHKG2,ENSG00000156873
PHLDB2,ENSG00000144824
PHOX2A,ENSG00000165462
PHOX2B,ENSG00000109132
PI4K2A,ENSG00000155252
PI4K2B,ENSG00000038210
PI4KA,ENSG00000241973
PI4KB,ENSG00000143393
PIAS1,ENSG00000033800
PIAS2,ENSG00000078043
PIAS3,ENSG00000131788
PIAS4,ENSG00000105229
PIK3C2A,ENSG00000011405
PIK3C2B,ENSG00000133056
PIK3C2G,ENSG00000139144
PIK3C3,ENSG00000078142
PIK3CA,ENSG00000121879
PIK3CB,ENSG00000051382
PIK3CD,ENSG00000171608
PIK3CG,ENSG00000105851
PIK3R1,ENSG00000145675
PIK3R2,ENSG00000105647
PIK3R3,ENSG00000117461
PIK3R4,ENSG00000196455
PIK3R5,ENSG00000141506
PIKFYVE,ENSG00000115020
PIM1,ENSG00000137193
PIM2,ENSG00000102096
PIM3,ENSG00000198355
PIN4,ENSG00000102309
PINK1,ENSG00000158828
PIP4K2C,ENSG00000166908
PIP5K1A,ENSG00000143398
PIP5K1B,ENSG00000107242
PIP5K1C,ENSG00000186111
PIP5KL1,ENSG00000167103
PITX2,ENSG00000164093
PIWIL1,ENSG00000125207
PIWIL1,ENSG00000275051
PKD1,ENSG00000008710
PKD2,ENSG00000118762
PKDCC,ENSG00000162878
PKHD1,ENSG00000170927
PKLR,ENSG00000262785
PKLR,ENSG00000143627
PKMYT1,ENSG00000127564
PKN1,ENSG00000123143
PKN2,ENSG00000065243
PKN3,ENSG00000160447
PKNOX1,ENSG00000160199
PLA2G2A,ENSG00000188257
PLCB1,ENSG00000182621
PLCB2,ENSG00000137841
PLCB3,ENSG00000149782
PLCB4,ENSG00000101333
PLCG1,ENSG00000124181
PLCG2,ENSG00000197943
PLCXD3,ENSG00000182836
PLCZ1,ENSG00000139151
PLD1,ENSG00000075651
PLD6,ENSG00000179598
PLK1,ENSG00000166851
PLK2,ENSG00000145632
PLK3,ENSG00000173846
PLK4,ENSG00000142731
PLXNB3,ENSG00000198753
PMAIP1,ENSG00000141682
PML,ENSG00000140464
PMS1,ENSG00000064933
PMS2,ENSG00000122512
PNCK,ENSG00000130822
PORCN,ENSG00000102312
POU2F1,ENSG00000143190
PPA1,ENSG00000180817
PPA2,ENSG00000138777
PPARD,ENSG00000112033
PPARG,ENSG00000132170
PPARGC1A,ENSG00000109819
PPM1A,ENSG00000100614
PPM1B,ENSG00000138032
PPM1D,ENSG00000170836
PPP1CA,ENSG00000172531
PPP1CB,ENSG00000213639
PPP1CC,ENSG00000186298
PPP1R13B,ENSG00000088808
PPP1R3A,ENSG00000154415
PPP1R3B,ENSG00000173281
PPP1R3B,ENSG00000285343
PPP1R3C,ENSG00000119938
PPP1R3D,ENSG00000132825
PPP2CB,ENSG00000104695
PPP2R1A,ENSG00000105568
PPP2R1B,ENSG00000137713
PPP2R5A,ENSG00000066027
PPP2R5B,ENSG00000068971
PPP2R5C,ENSG00000078304
PPP2R5D,ENSG00000112640
PPP2R5E,ENSG00000154001
PPP3CA,ENSG00000138814
PPP3CB,ENSG00000107758
PPP3CC,ENSG00000120910
PPP5C,ENSG00000011485
PRCC,ENSG00000143294
PRDM2,ENSG00000116731
PRDM4,ENSG00000110851
PRDM6,ENSG00000061455
PRDM7,ENSG00000126856
PRDM9,ENSG00000164256
PRICKLE1,ENSG00000139174
PRICKLE2,ENSG00000163637
PRKAA2,ENSG00000162409
PRKAB1,ENSG00000111725
PRKAB2,ENSG00000131791
PRKACA,ENSG00000072062
PRKACB,ENSG00000142875
PRKACG,ENSG00000165059
PRKAG1,ENSG00000181929
PRKAG2,ENSG00000106617
PRKAG3,ENSG00000115592
PRKAR1A,ENSG00000108946
PRKAR1B,ENSG00000188191
PRKAR2A,ENSG00000114302
PRKAR2B,ENSG00000005249
PRKAR2B,ENSG00000284096
PRKCA,ENSG00000154229
PRKCB,ENSG00000166501
PRKCD,ENSG00000163932
PRKCE,ENSG00000171132
PRKCG,ENSG00000126583
PRKCI,ENSG00000163558
PRKCQ,ENSG00000065675
PRKCZ,ENSG00000067606
PRKD1,ENSG00000184304
PRKD2,ENSG00000105287
PRKD3,ENSG00000115825
PRKG1,ENSG00000185532
PRKG2,ENSG00000138669
PRKX,ENSG00000183943
PRKY,ENSG00000099725
PROC,ENSG00000115718
PRPF4,ENSG00000136875
PRPF4B,ENSG00000112739
PSEN1,ENSG00000080815
PSEN2,ENSG00000143801
PSENEN,ENSG00000205155
PSKH1,ENSG00000159792
PSKH2,ENSG00000147613
PSMC4,ENSG00000013275
PSMC4,ENSG00000281221
PSPH,ENSG00000146733
PTCH1,ENSG00000185920
PTCH2,ENSG00000117425
PTCRA,ENSG00000171611
PTEN,ENSG00000171862
PTEN,ENSG00000284792
PTGS2,ENSG00000073756
PTK2,ENSG00000169398
PTK2B,ENSG00000120899
PTK6,ENSG00000101213
PTK7,ENSG00000112655
PTN,ENSG00000105894
PTPN1,ENSG00000196396
PTPN11,ENSG00000179295
PTPN13,ENSG00000163629
PTPN14,ENSG00000152104
PTPN3,ENSG00000070159
PTPN5,ENSG00000110786
PTPN6,ENSG00000111679
PTPN7,ENSG00000143851
PTPRA,ENSG00000132670
PTPRD,ENSG00000153707
PTPRD,ENSG00000282932
PTPRF,ENSG00000142949
PTPRG,ENSG00000144724
PTPRJ,ENSG00000149177
PTPRN2,ENSG00000282185
PTPRN2,ENSG00000155093
PTPRR,ENSG00000153233
PTPRS,ENSG00000105426
PTPRT,ENSG00000196090
PTPRU,ENSG00000060656
PTTG1,ENSG00000164611
PXK,ENSG00000168297
PXN,ENSG00000089159
PYGB,ENSG00000100994
PYGL,ENSG00000100504
PYGM,ENSG00000068976
PYGO1,ENSG00000171016
PYGO2,ENSG00000163348
RAB23,ENSG00000112210
RAC1,ENSG00000136238
RAC3,ENSG00000169750
RAD21,ENSG00000164754
RAD50,ENSG00000113522
RAD51,ENSG00000051180
RAD52,ENSG00000002016
RAD54L,ENSG00000085999
RAD9A,ENSG00000172613
RAD9B,ENSG00000151164
RAET1E,ENSG00000164520
RAET1L,ENSG00000155918
RAF1,ENSG00000132155
RALA,ENSG00000006451
RALB,ENSG00000144118
RALBP1,ENSG00000017797
RALGDS,ENSG00000160271
RANBP2,ENSG00000153201
RAP1A,ENSG00000116473
RAP1B,ENSG00000127314
RAP1GAP,ENSG00000076864
RAPGEF1,ENSG00000107263
RAPGEF2,ENSG00000109756
RAPGEF3,ENSG00000079337
RAPGEF4,ENSG00000091428
RARA,ENSG00000131759
RARB,ENSG00000077092
RASA1,ENSG00000145715
RASA2,ENSG00000155903
RASA3,ENSG00000185989
RASA3,ENSG00000280477
RASGRF1,ENSG00000058335
RASGRF2,ENSG00000113319
RASGRP1,ENSG00000172575
RASGRP2,ENSG00000068831
RASGRP3,ENSG00000152689
RASGRP4,ENSG00000171777
RASSF1,ENSG00000068028
RASSF5,ENSG00000266094
RAVER2,ENSG00000162437
RAX2,ENSG00000173976
RB1,ENSG00000139687
RBBP5,ENSG00000117222
RBBP8,ENSG00000101773
RBL1,ENSG00000080839
RBL2,ENSG00000103479
RBPJ,ENSG00000168214
RBX1,ENSG00000100387
RCHY1,ENSG00000163743
REEP5,ENSG00000129625
REL,ENSG00000162924
RELA,ENSG00000173039
RELB,ENSG00000104856
RET,ENSG00000165731
RFC1,ENSG00000035928
RFC2,ENSG00000049541
RFC3,ENSG00000133119
RFC4,ENSG00000163918
RFC5,ENSG00000111445
RFNG,ENSG00000169733
RFX2,ENSG00000087903
RHEB,ENSG00000106615
RHO,ENSG00000163914
RHOA,ENSG00000067560
RHOC,ENSG00000155366
RHOQ,ENSG00000119729
RICTOR,ENSG00000164327
RIOK1,ENSG00000124784
RIOK2,ENSG00000058729
RIOK3,ENSG00000101782
RIPK1,ENSG00000137275
RIPK2,ENSG00000104312
RIPK3,ENSG00000129465
RIPK3,ENSG00000285379
RIPK4,ENSG00000183421
RMI1,ENSG00000178966
RNASEL,ENSG00000135828
RNF220,ENSG00000187147
ROCK1,ENSG00000067900
ROCK2,ENSG00000134318
ROR1,ENSG00000185483
ROR2,ENSG00000169071
ROS1,ENSG00000047936
RPA1,ENSG00000132383
RPA2,ENSG00000117748
RPA3,ENSG00000106399
RPGR,ENSG00000156313
RPGRIP1,ENSG00000092200
RPGRIP1L,ENSG00000103494
RPS6,ENSG00000137154
RPS6KA1,ENSG00000117676
RPS6KA1,ENSG00000281877
RPS6KA2,ENSG00000071242
RPS6KA3,ENSG00000177189
RPS6KA4,ENSG00000162302
RPS6KA5,ENSG00000100784
RPS6KA6,ENSG00000072133
RPS6KB1,ENSG00000108443
RPS6KB2,ENSG00000175634
RPS6KC1,ENSG00000136643
RPS6KL1,ENSG00000198208
RPTOR,ENSG00000141564
RRAS,ENSG00000126458
RRM1,ENSG00000167325
RRM2,ENSG00000171848
RRM2B,ENSG00000048392
RSPO1,ENSG00000169218
RUNX1,ENSG00000159216
RUNX1T1,ENSG00000079102
RUVBL1,ENSG00000175792
RUVBL1,ENSG00000284901
RXRA,ENSG00000186350
RXRB,ENSG00000231321
RXRB,ENSG00000227322
RXRB,ENSG00000235712
RXRB,ENSG00000206289
RXRB,ENSG00000204231
RXRB,ENSG00000228333
RXRG,ENSG00000143171
RYK,ENSG00000163785
SBK1,ENSG00000188322
SBK2,ENSG00000187550
SCEL,ENSG00000136155
SCYL1,ENSG00000142186
SCYL2,ENSG00000136021
SCYL3,ENSG00000000457
SDHB,ENSG00000117118
SEC31A,ENSG00000138674
SENP2,ENSG00000163904
SERPINB5,ENSG00000206075
SERPINE1,ENSG00000106366
SESN1,ENSG00000080546
SESN2,ENSG00000130766
SESN2,ENSG00000285069
SESN3,ENSG00000149212
SETD1A,ENSG00000099381
SETD1B,ENSG00000139718
SETD2,ENSG00000181555
SETD3,ENSG00000183576
SETD4,ENSG00000185917
SETD5,ENSG00000168137
SETD6,ENSG00000103037
SETD7,ENSG00000145391
SETDB1,ENSG00000143379
SETDB2,ENSG00000136169
SETMAR,ENSG00000170364
SFN,ENSG00000175793
SFRP1,ENSG00000104332
SFRP2,ENSG00000145423
SFRP4,ENSG00000106483
SFRP5,ENSG00000120057
SGCB,ENSG00000163069
SGK1,ENSG00000118515
SGK2,ENSG00000101049
SGK3,ENSG00000104205
SH2B2,ENSG00000160999
SH2D2A,ENSG00000027869
SH2D7,ENSG00000183476
SHC1,ENSG00000160691
SHC2,ENSG00000129946
SHC3,ENSG00000148082
SHC4,ENSG00000185634
SHH,ENSG00000164690
SHISA5,ENSG00000164054
SIAH1,ENSG00000196470
SIK1,ENSG00000142178
SIK2,ENSG00000170145
SIK3,ENSG00000160584
SIN3A,ENSG00000169375
SIN3B,ENSG00000127511
SIX4,ENSG00000100625
SKP1,ENSG00000113558
SKP2,ENSG00000145604
SLC26A1,ENSG00000145217
SLC29A1,ENSG00000112759
SLC2A1,ENSG00000117394
SLC2A4,ENSG00000181856
SLK,ENSG00000065613
SMAD1,ENSG00000170365
SMAD2,ENSG00000175387
SMAD3,ENSG00000166949
SMAD4,ENSG00000141646
SMAD5,ENSG00000113658
SMAD6,ENSG00000137834
SMAD7,ENSG00000101665
SMAD9,ENSG00000120693
SMARCA4,ENSG00000127616
SMARCB1,ENSG00000275837
SMARCB1,ENSG00000099956
SMARCD1,ENSG00000066117
SMARCE1,ENSG00000073584
SMC1A,ENSG00000072501
SMC1B,ENSG00000077935
SMC3,ENSG00000108055
SMG1,ENSG00000157106
SMO,ENSG00000128602
SMURF1,ENSG00000198742
SMURF1,ENSG00000284126
SMURF2,ENSG00000108854
SMYD1,ENSG00000115593
SMYD2,ENSG00000143499
SMYD3,ENSG00000185420
SMYD4,ENSG00000186532
SMYD5,ENSG00000135632
SNAI1,ENSG00000124216
SNAI2,ENSG00000019549
SNRK,ENSG00000163788
SNTB1,ENSG00000172164
SNW1,ENSG00000100603
SNX25,ENSG00000109762
SNX4,ENSG00000114520
SOCS1,ENSG00000185338
SOCS2,ENSG00000120833
SOCS3,ENSG00000184557
SOCS4,ENSG00000180008
SORBS1,ENSG00000095637
SOS1,ENSG00000115904
SOS2,ENSG00000100485
SOST,ENSG00000167941
SOX17,ENSG00000164736
SP1,ENSG00000185591
SPC24,ENSG00000161888
SPC25,ENSG00000152253
SPC25,ENSG00000277909
SPEG,ENSG00000072195
SPHK1,ENSG00000176170
SPHK2,ENSG00000063176
SPI1,ENSG00000066336
SPINK1,ENSG00000164266
SPINK5,ENSG00000133710
SPINK6,ENSG00000178172
SPINK7,ENSG00000145879
SPINK8,ENSG00000229453
SPINK9,ENSG00000204909
SPRED1,ENSG00000166068
SPTBN2,ENSG00000173898
SRC,ENSG00000197122
SREBF1,ENSG00000072310
SRF,ENSG00000112658
SRM,ENSG00000116649
SRMS,ENSG00000125508
SRPK1,ENSG00000096063
SRPK2,ENSG00000135250
SRPK3,ENSG00000184343
SSBP1,ENSG00000262771
SSBP1,ENSG00000106028
SSBP2,ENSG00000145687
SSH1,ENSG00000084112
SSH2,ENSG00000141298
SSTR1,ENSG00000139874
SSTR3,ENSG00000278195
SSTR5,ENSG00000162009
ST13,ENSG00000100380
STAG1,ENSG00000118007
STAG2,ENSG00000101972
STAM,ENSG00000136738
STAT1,ENSG00000115415
STAT3,ENSG00000168610
STAT5A,ENSG00000126561
STAT5B,ENSG00000173757
STAT6,ENSG00000166888
STEAP3,ENSG00000115107
STK10,ENSG00000072786
STK11,ENSG00000118046
STK16,ENSG00000115661
STK17A,ENSG00000164543
STK17B,ENSG00000081320
STK19,ENSG00000234947
STK19,ENSG00000226033
STK19,ENSG00000236250
STK19,ENSG00000206342
STK19,ENSG00000204344
STK19,ENSG00000226257
STK24,ENSG00000102572
STK25,ENSG00000115694
STK3,ENSG00000104375
STK31,ENSG00000196335
STK32A,ENSG00000169302
STK32B,ENSG00000152953
STK32C,ENSG00000165752
STK33,ENSG00000130413
STK35,ENSG00000125834
STK36,ENSG00000163482
STK38,ENSG00000112079
STK38L,ENSG00000211455
STK39,ENSG00000198648
STK4,ENSG00000101109
STK40,ENSG00000196182
STMN1,ENSG00000117632
STOML3,ENSG00000133115
STRADB,ENSG00000082146
STYK1,ENSG00000060140
SUFU,ENSG00000107882
SUV39H1,ENSG00000101945
SUV39H2,ENSG00000152455
SYK,ENSG00000165025
SYMPK,ENSG00000125755
TAF1,ENSG00000147133
TAOK1,ENSG00000160551
TAOK2,ENSG00000149930
TAOK3,ENSG00000135090
TBCK,ENSG00000145348
TBK1,ENSG00000183735
TBL1X,ENSG00000101849
TBL1XR1,ENSG00000177565
TBL1Y,ENSG00000092377
TBX22,ENSG00000122145
TBX22,ENSG00000277800
TBX3,ENSG00000135111
TCF3,ENSG00000071564
TCF4,ENSG00000196628
TCF7,ENSG00000081059
TCF7L1,ENSG00000152284
TCF7L2,ENSG00000148737
TEC,ENSG00000135605
TECTA,ENSG00000109927
TEK,ENSG00000120156
TESK1,ENSG00000107140
TESK2,ENSG00000070759
TEX14,ENSG00000121101
TFDP1,ENSG00000198176
TFDP2,ENSG00000114126
TFE3,ENSG00000068323
TFG,ENSG00000114354
TGFA,ENSG00000163235
TGFB1,ENSG00000105329
TGFB2,ENSG00000092969
TGFB3,ENSG00000119699
TGFBR1,ENSG00000106799
TGFBR2,ENSG00000163513
TGM3,ENSG00000125780
THBS1,ENSG00000137801
THBS2,ENSG00000186340
THBS3,ENSG00000169231
THBS4,ENSG00000113296
TICAM1,ENSG00000127666
TIE1,ENSG00000066056
TIPARP,ENSG00000163659
TIRAP,ENSG00000150455
TLE1,ENSG00000196781
TLK1,ENSG00000198586
TLK2,ENSG00000146872
TLL1,ENSG00000038295
TLR1,ENSG00000174125
TLR2,ENSG00000137462
TLR3,ENSG00000164342
TLR4,ENSG00000136869
TLR5,ENSG00000187554
TMEM67,ENSG00000164953
TNF,ENSG00000206439
TNF,ENSG00000228849
TNF,ENSG00000228321
TNF,ENSG00000204490
TNF,ENSG00000223952
TNF,ENSG00000228978
TNF,ENSG00000230108
TNF,ENSG00000232810
TNFAIP3,ENSG00000118503
TNFRSF10A,ENSG00000104689
TNFRSF10B,ENSG00000120889
TNFRSF10C,ENSG00000173535
TNFRSF10D,ENSG00000173530
TNFRSF1A,ENSG00000067182
TNFRSF1B,ENSG00000028137
TNFRSF8,ENSG00000120949
TNFSF10,ENSG00000121858
TNIK,ENSG00000154310
TNK1,ENSG00000174292
TNK1,ENSG00000283781
TNK2,ENSG00000061938
TNKS,ENSG00000173273
TNKS,ENSG00000285372
TNKS2,ENSG00000107854
TNNI3K,ENSG00000116783
TOE1,ENSG00000132773
TOP1,ENSG00000198900
TOP2A,ENSG00000131747
TOP2B,ENSG00000077097
TOP3B,ENSG00000100038
TOPBP1,ENSG00000163781
TOPORS,ENSG00000197579
TP53,ENSG00000141510
TP53AIP1,ENSG00000120471
TP53BP1,ENSG00000067369
TP53BP2,ENSG00000143514
TP53I3,ENSG00000115129
TP53RK,ENSG00000172315
TP63,ENSG00000073282
TP73,ENSG00000078900
TPM3,ENSG00000143549
TPR,ENSG00000047410
TPX2,ENSG00000088325
TRADD,ENSG00000102871
TRAF1,ENSG00000056558
TRAF2,ENSG00000127191
TRAF3,ENSG00000131323
TRAF3IP2,ENSG00000056972
TRAF4,ENSG00000076604
TRAF5,ENSG00000082512
TRAF6,ENSG00000175104
TRIB1,ENSG00000173334
TRIB2,ENSG00000071575
TRIB3,ENSG00000101255
TRIM24,ENSG00000122779
TRIM28,ENSG00000130726
TRIM33,ENSG00000197323
TRIO,ENSG00000038382
TRIP10,ENSG00000125733
TRPM6,ENSG00000119121
TRPM7,ENSG00000092439
TRRAP,ENSG00000196367
TSC1,ENSG00000165699
TSC2,ENSG00000103197
TSHR,ENSG00000165409
TSPAN8,ENSG00000127324
TSPYL2,ENSG00000184205
TSPYL5,ENSG00000180543
TSSK2,ENSG00000206203
TSSK3,ENSG00000162526
TSSK4,ENSG00000139908
TSSK4,ENSG00000285140
TSSK6,ENSG00000178093
TTBK1,ENSG00000146216
TTBK2,ENSG00000128881
TTC8,ENSG00000165533
TTK,ENSG00000112742
TTLL3,ENSG00000214021
TTN,ENSG00000155657
TWF1,ENSG00000151239
TWIST1,ENSG00000122691
TXK,ENSG00000074966
TYK2,ENSG00000105397
TYMS,ENSG00000176890
TYRO3,ENSG00000092445
UBE2B,ENSG00000119048
UBE2C,ENSG00000175063
UBR5,ENSG00000104517
UCK2,ENSG00000143179
UHMK1,ENSG00000152332
UHRF2,ENSG00000147854
ULK1,ENSG00000177169
ULK2,ENSG00000083290
ULK3,ENSG00000140474
ULK4,ENSG00000168038
UMPS,ENSG00000114491
UPF1,ENSG00000005007
UQCRC2,ENSG00000140740
UQCRC2,ENSG00000284493
USP24,ENSG00000162402
USP28,ENSG00000048028
USP33,ENSG00000077254
USP39,ENSG00000168883
USP9X,ENSG00000124486
UTY,ENSG00000183878
VANGL1,ENSG00000173218
VANGL2,ENSG00000162738
VAV3,ENSG00000134215
VBP1,ENSG00000155959
VEGFA,ENSG00000112715
VEGFB,ENSG00000173511
VEGFC,ENSG00000150630
VHL,ENSG00000134086
VRK1,ENSG00000100749
VRK2,ENSG00000028116
VRK3,ENSG00000105053
WASF2,ENSG00000158195
WASL,ENSG00000106299
WDR75,ENSG00000115368
WEE1,ENSG00000166483
WEE2,ENSG00000263042
WEE2,ENSG00000214102
WIF1,ENSG00000156076
WNK1,ENSG00000060237
WNK2,ENSG00000165238
WNK3,ENSG00000196632
WNK4,ENSG00000126562
WNT1,ENSG00000125084
WNT10A,ENSG00000135925
WNT10B,ENSG00000169884
WNT11,ENSG00000085741
WNT16,ENSG00000002745
WNT2,ENSG00000105989
WNT2B,ENSG00000134245
WNT3,ENSG00000277626
WNT3,ENSG00000277641
WNT3,ENSG00000108379
WNT3A,ENSG00000154342
WNT4,ENSG00000162552
WNT5A,ENSG00000114251
WNT5B,ENSG00000111186
WNT6,ENSG00000115596
WNT7A,ENSG00000154764
WNT7B,ENSG00000188064
WNT8A,ENSG00000061492
WNT8B,ENSG00000075290
WNT9A,ENSG00000143816
WNT9B,ENSG00000276799
WNT9B,ENSG00000158955
WRN,ENSG00000165392
WT1,ENSG00000184937
WTAP,ENSG00000146457
XIAP,ENSG00000101966
XPA,ENSG00000136936
XPC,ENSG00000154767
XPNPEP3,ENSG00000196236
XPO1,ENSG00000082898
XRCC1,ENSG00000073050
XRCC3,ENSG00000126215
YES1,ENSG00000176105
YME1L1,ENSG00000136758
ZAP70,ENSG00000115085
ZBTB16,ENSG00000109906
ZBTB17,ENSG00000116809
ZEB2,ENSG00000169554
ZFYVE16,ENSG00000039319
ZFYVE9,ENSG00000157077
ZIC2,ENSG00000043355
ZMAT3,ENSG00000172667
ZNF217,ENSG00000171940
ZNF668,ENSG00000167394
ZNF703,ENSG00000183779
ZYX,ENSG00000159840
ZYX,ENSG00000285443
